first_name,last_name,email,birth_date,phone
Ashlee,Hessentaler,ahessentaler0@booking.com,2025-11-14,606-394-1748
Aggie,Siggery,asiggery1@e-recht24.de,2025-09-14,543-673-4521
Derek,Phillins,dphillins2@symantec.com,2025-05-01,855-222-6595
Bevin,Skipper,bskipper3@usda.gov,2026-03-01,502-595-1778
Jodi,Lattin,jlattin4@uiuc.edu,2025-05-02,444-660-2501
Haroun,Craik,hcraik5@reuters.com,2025-12-30,277-616-4662
Maurise,Wiltshaw,mwiltshaw6@wikia.com,2026-01-29,239-885-2358
Luke,Jeffray,ljeffray7@is.gd,2025-06-10,487-740-7728
Mariann,Gabbatt,mgabbatt8@freewebs.com,2025-05-02,751-117-8264
Nessy,Arkow,narkow9@jimdo.com,2026-03-25,404-917-0852
Glen,Puttan,gputtana@geocities.com,2025-10-21,203-589-4528
Juieta,Eake,jeakeb@instagram.com,2025-05-06,487-301-9234
Isa,Aveling,iavelingc@bloglovin.com,2026-03-26,593-972-9951
Brandi,Holton,bholtond@xinhuanet.com,2025-12-05,238-281-1210
Faith,Cummings,fcummingse@dion.ne.jp,2025-09-04,199-938-9684
Andrea,Clinning,aclinningf@amazon.co.uk,2026-01-11,544-249-3395
Cly,Schuler,cschulerg@alibaba.com,2025-10-11,575-933-7886
Judi,Deesly,jdeeslyh@sakura.ne.jp,2025-11-04,276-656-5144
Philbert,Suggett,psuggetti@nps.gov,2025-07-02,688-908-8832
Susette,Bedin,sbedinj@cornell.edu,2025-06-07,825-355-9678
Welsh,Learmont,wlearmontk@godaddy.com,2025-11-11,297-240-4056
Helen-elizabeth,Tayt,htaytl@ifeng.com,2025-11-14,334-918-1667
Sylvester,Brownlow,sbrownlowm@nifty.com,2025-05-01,223-543-0242
Codie,Loughlin,cloughlinn@jugem.jp,2026-03-13,564-354-0221
Asher,Theze,athezeo@lycos.com,2026-01-22,719-666-6281
Angela,Enefer,aeneferp@com.com,2025-07-03,512-144-2908
Kalinda,Rentcome,krentcomeq@furl.net,2025-10-22,612-344-7459
Hyacinthe,Challinor,hchallinorr@typepad.com,2026-01-15,892-874-6846
Henrie,Decayette,hdecayettes@xinhuanet.com,2026-01-12,894-984-8285
Alair,Groom,agroomt@nasa.gov,2025-05-30,744-212-3287
Franciska,Ewols,fewolsu@altervista.org,2025-12-03,402-659-3846
Lea,McGowing,lmcgowingv@google.co.jp,2025-06-29,311-683-1394
My,Davern,mdavernw@nifty.com,2026-01-04,545-477-3086
Tara,Goldine,tgoldinex@wikimedia.org,2025-08-14,752-756-8535
Sher,Malser,smalsery@webeden.co.uk,2026-03-23,700-652-8476
Tynan,O'Doherty,todohertyz@freewebs.com,2025-11-23,137-538-9896
Marcile,Thomesson,mthomesson10@histats.com,2026-01-25,294-749-5333
Bev,Brownsey,bbrownsey11@360.cn,2025-07-13,908-424-6884
Marcellus,Obal,mobal12@japanpost.jp,2025-10-28,418-788-5170
Carena,Brayley,cbrayley13@barnesandnoble.com,2025-09-05,965-803-8178
Stevana,Fullegar,sfullegar14@bizjournals.com,2026-03-20,434-418-6892
Irwin,Lorkings,ilorkings15@wikimedia.org,2025-07-02,615-127-4675
Damita,Perelli,dperelli16@economist.com,2025-07-07,434-352-7609
Boigie,Benardet,bbenardet17@virginia.edu,2026-01-01,247-598-9269
Tibold,Gisbye,tgisbye18@slate.com,2025-08-14,717-384-9419
Millard,Redparth,mredparth19@msu.edu,2025-09-26,502-503-2919
Marybelle,Appleyard,mappleyard1a@google.ru,2026-03-22,620-418-0987
Renado,Steger,rsteger1b@go.com,2025-05-04,481-673-5976
Jerome,Cisneros,jcisneros1c@taobao.com,2025-05-04,950-173-1245
Carin,Mumm,cmumm1d@dedecms.com,2026-02-05,306-840-0765
Joe,Camillo,jcamillo1e@deliciousdays.com,2025-04-07,994-638-5283
Monty,Lumb,mlumb1f@pbs.org,2025-07-21,946-760-0323
Morgan,McClary,mmcclary1g@go.com,2025-12-28,551-934-7229
Winston,McIlvoray,wmcilvoray1h@ameblo.jp,2026-02-05,535-916-0583
Connie,Peare,cpeare1i@devhub.com,2025-09-22,320-999-5363
Pate,Witton,pwitton1j@dion.ne.jp,2026-02-20,232-906-7663
Simonette,MacGillacolm,smacgillacolm1k@aol.com,2025-07-05,407-372-0740
Butch,McGuckin,bmcguckin1l@google.co.uk,2026-02-14,594-243-4440
Gretchen,Peirson,gpeirson1m@reuters.com,2026-04-01,466-780-8850
Dodi,Passfield,dpassfield1n@toplist.cz,2025-04-07,192-444-7444
Aylmar,Zukerman,azukerman1o@networksolutions.com,2026-02-05,102-771-8057
Arabelle,Matusevich,amatusevich1p@umich.edu,2025-06-20,311-764-1892
Dorine,Giorgioni,dgiorgioni1q@qq.com,2025-10-07,585-220-5088
Tatiania,Grisenthwaite,tgrisenthwaite1r@blogger.com,2025-05-11,568-506-8293
Madlen,MacColl,mmaccoll1s@mlb.com,2026-04-01,906-667-6460
Gertie,Eadmeads,geadmeads1t@360.cn,2026-01-28,821-698-9666
Roi,Duchesne,rduchesne1u@nsw.gov.au,2025-11-02,603-280-3958
Irene,Argont,iargont1v@last.fm,2025-09-21,266-619-8235
Ardyth,Wride,awride1w@thetimes.co.uk,2026-03-29,392-186-8396
Alain,Kuna,akuna1x@webs.com,2025-04-03,370-351-2812
Kristofer,Dreghorn,kdreghorn1y@shareasale.com,2025-09-11,933-914-2768
Evangelia,Keohane,ekeohane1z@usda.gov,2025-10-25,154-711-8945
Jamima,Featherstonhaugh,jfeatherstonhaugh20@theguardian.com,2026-01-29,896-876-0804
Ayn,Dollman,adollman21@eepurl.com,2026-04-02,719-607-8760
Dominic,Prugel,dprugel22@quantcast.com,2025-06-01,784-248-6093
Emilia,Charnock,echarnock23@domainmarket.com,2025-07-21,874-913-3872
Boris,Bassford,bbassford24@xinhuanet.com,2025-11-15,602-722-1001
Dionysus,Tookill,dtookill25@nsw.gov.au,2025-10-10,817-170-1876
Gennie,Allwright,gallwright26@exblog.jp,2025-11-26,555-977-1740
Fernande,Cota,fcota27@jugem.jp,2025-11-29,969-276-8406
Arlen,Saller,asaller28@ow.ly,2025-04-18,410-644-4525
Shay,Roelofs,sroelofs29@phpbb.com,2026-03-16,983-433-8855
Jory,Pickerin,jpickerin2a@dailymotion.com,2026-01-30,609-830-8730
Sara-ann,Edgett,sedgett2b@ask.com,2025-07-11,952-780-9412
Dacia,Cessford,dcessford2c@buzzfeed.com,2025-11-10,884-701-2360
Neall,McCreary,nmccreary2d@ow.ly,2025-06-06,398-379-1472
Marci,Armitt,marmitt2e@narod.ru,2026-03-17,601-306-5646
Denis,Heersma,dheersma2f@nyu.edu,2025-05-11,545-146-1162
Carl,Thys,cthys2g@abc.net.au,2026-04-02,762-189-4125
Vivienne,Hamel,vhamel2h@apple.com,2025-05-22,944-321-5435
Raquel,Kenzie,rkenzie2i@nasa.gov,2026-01-29,622-758-9670
Hamil,Beel,hbeel2j@constantcontact.com,2026-01-17,133-676-9077
Grata,Quig,gquig2k@vkontakte.ru,2026-02-05,834-219-3748
Nicolai,Rupp,nrupp2l@newyorker.com,2025-08-21,857-558-4747
Flem,Howerd,fhowerd2m@scribd.com,2025-05-26,402-451-1568
Mordy,Tomovic,mtomovic2n@ebay.co.uk,2025-11-14,481-655-3255
Lydie,Daudray,ldaudray2o@admin.ch,2025-12-20,714-243-0883
Rochette,McDuffy,rmcduffy2p@slate.com,2026-03-22,328-565-4473
Archibald,Culpin,aculpin2q@zdnet.com,2025-09-02,423-310-9910
Susannah,Sambell,ssambell2r@hubpages.com,2025-07-20,146-730-2156
Mechelle,Budd,mbudd2s@businesswire.com,2026-03-14,448-882-0022
Kerianne,Winterborne,kwinterborne2t@prlog.org,2025-04-05,519-648-7802
Hamil,Boules,hboules2u@about.me,2025-10-17,616-734-4468
Nomi,Rouke,nrouke2v@mtv.com,2026-02-05,267-358-0861
Marcellina,Dabling,mdabling2w@bravesites.com,2026-03-19,404-467-0638
Myer,Markovich,mmarkovich2x@quantcast.com,2025-11-20,424-508-6222
Pris,Wones,pwones2y@vkontakte.ru,2025-10-04,893-233-7846
Stan,Vlasin,svlasin2z@uiuc.edu,2025-12-13,124-803-6020
Jenine,Palphreyman,jpalphreyman30@noaa.gov,2025-09-09,113-883-1774
Vannie,Sparey,vsparey31@dyndns.org,2026-03-23,356-349-2837
Fin,Peterken,fpeterken32@cbc.ca,2026-03-05,177-822-2932
Ab,Tremblay,atremblay33@guardian.co.uk,2025-12-28,238-304-2358
Dre,Jiricka,djiricka34@163.com,2025-08-26,792-913-5015
Nevile,Bartosiak,nbartosiak35@hc360.com,2025-05-05,522-158-4155
Perle,Di Bernardo,pdibernardo36@csmonitor.com,2026-01-03,836-131-2507
Monty,Gofford,mgofford37@hatena.ne.jp,2025-04-07,750-804-3621
Katerine,Fleg,kfleg38@biglobe.ne.jp,2026-01-12,426-991-5637
Huntlee,McGhee,hmcghee39@booking.com,2025-11-02,623-365-9548
Ruggiero,Dundredge,rdundredge3a@imageshack.us,2025-09-20,517-464-5373
Sharona,Silver,ssilver3b@fda.gov,2026-02-06,287-373-9724
Nevil,Turtle,nturtle3c@is.gd,2026-01-14,586-811-4492
Raphael,Gounot,rgounot3d@pinterest.com,2025-09-16,977-166-6861
Mignon,Burtonshaw,mburtonshaw3e@dell.com,2025-10-10,731-221-0990
Cristin,Dormand,cdormand3f@nasa.gov,2025-12-20,534-872-1139
Cybil,Tuck,ctuck3g@etsy.com,2026-03-23,155-471-3847
Artus,Wase,awase3h@bloglines.com,2026-01-17,541-600-0156
Rice,Pendell,rpendell3i@bloomberg.com,2025-11-03,981-637-1122
Ilysa,Baumer,ibaumer3j@domainmarket.com,2025-08-30,977-348-8678
Glyn,Gallacher,ggallacher3k@usda.gov,2026-02-17,725-780-6110
Luis,Cullabine,lcullabine3l@multiply.com,2026-03-16,356-965-8940
Lurleen,Malecky,lmalecky3m@163.com,2025-12-07,678-435-4918
Oriana,Hudspeth,ohudspeth3n@cnet.com,2026-02-08,420-565-6356
Karissa,Clipston,kclipston3o@1688.com,2025-05-26,647-814-8209
Lenore,Scarsbrooke,lscarsbrooke3p@technorati.com,2025-07-28,899-109-4262
Reid,Dallimore,rdallimore3q@usatoday.com,2025-04-19,856-867-4978
Edee,Stearndale,estearndale3r@ft.com,2026-02-06,521-176-5418
Jabez,Leger,jleger3s@arizona.edu,2025-07-30,380-615-6737
Madel,Veall,mveall3t@ibm.com,2025-09-24,194-908-7812
Lavinia,McCoughan,lmccoughan3u@comcast.net,2025-08-28,522-134-5194
Anders,Cleyne,acleyne3v@mit.edu,2025-05-09,139-413-5430
Rik,O'Day,roday3w@stanford.edu,2025-10-31,895-529-2285
Lock,Feehery,lfeehery3x@qq.com,2026-03-17,293-997-2581
Beverie,Chamberlain,bchamberlain3y@cargocollective.com,2025-06-27,982-357-2089
Anthe,O'Hoey,aohoey3z@house.gov,2026-03-13,337-676-5040
Gayleen,Gocher,ggocher40@comsenz.com,2025-12-04,987-443-2310
Val,Screach,vscreach41@state.gov,2025-08-02,148-545-8037
Basia,Borland,bborland42@marketwatch.com,2025-08-23,280-382-5993
Dyana,Loughead,dloughead43@ovh.net,2025-11-25,894-936-3428
Sig,Dotson,sdotson44@wix.com,2026-01-06,296-952-4457
Genovera,Snowden,gsnowden45@google.es,2025-09-15,117-176-9592
Modesta,Giurio,mgiurio46@army.mil,2026-03-12,326-808-1327
Ly,Blazek,lblazek47@cam.ac.uk,2025-08-23,866-191-0853
Curtice,Unitt,cunitt48@npr.org,2025-06-24,724-749-7752
Etienne,Kinver,ekinver49@tmall.com,2025-06-15,662-326-1286
Shandie,Lount,slount4a@studiopress.com,2025-04-21,989-525-5604
Marcy,Keener,mkeener4b@tumblr.com,2025-08-24,146-998-9409
Derril,Excell,dexcell4c@typepad.com,2025-09-06,694-954-4225
Matti,Skone,mskone4d@g.co,2025-10-16,417-565-2291
Matt,Robshaw,mrobshaw4e@simplemachines.org,2025-07-03,588-712-5156
Leonanie,Lomax,llomax4f@intel.com,2025-09-05,489-377-0019
Joceline,Jakes,jjakes4g@squarespace.com,2025-10-18,587-558-0511
Karylin,McPhelimey,kmcphelimey4h@ox.ac.uk,2026-01-16,729-381-3651
Kip,Semrad,ksemrad4i@psu.edu,2025-09-17,220-418-3874
Sheffie,Nolton,snolton4j@xrea.com,2025-05-16,727-773-1581
Dorella,Blackster,dblackster4k@amazon.co.jp,2025-06-03,725-974-0233
Sheilakathryn,Hewell,shewell4l@yale.edu,2025-09-12,378-941-2785
Broddie,Tummond,btummond4m@ebay.com,2025-11-26,945-964-6324
Davie,Stamps,dstamps4n@abc.net.au,2025-12-24,141-157-2705
Caresse,Johnstone,cjohnstone4o@state.gov,2025-05-23,429-454-5288
Estele,Canfer,ecanfer4p@census.gov,2025-11-22,587-190-4629
Norman,Albasini,nalbasini4q@zdnet.com,2025-10-22,702-426-5011
Humbert,Plevey,hplevey4r@un.org,2025-08-26,150-126-6282
Brandie,Call,bcall4s@abc.net.au,2025-06-20,830-416-5515
Simmonds,Callister,scallister4t@latimes.com,2025-04-21,413-566-6862
Eartha,Toppas,etoppas4u@usgs.gov,2025-10-07,462-649-8954
Bili,Hartwell,bhartwell4v@harvard.edu,2026-03-29,676-838-9466
Danny,Harden,dharden4w@ameblo.jp,2025-12-30,129-350-4974
Lon,Pickavance,lpickavance4x@ebay.com,2025-10-10,681-174-7749
Haskell,Jakobsson,hjakobsson4y@salon.com,2025-06-11,957-638-6524
Ranice,Safe,rsafe4z@1688.com,2026-02-10,999-276-1710
Cristabel,Beckerleg,cbeckerleg50@cornell.edu,2025-09-05,440-261-7416
Rad,Stickins,rstickins51@weather.com,2025-08-29,372-207-4653
Fania,Bolger,fbolger52@archive.org,2025-10-23,568-540-8850
Hannis,Turpey,hturpey53@psu.edu,2025-10-12,205-489-6000
Candie,Bigg,cbigg54@geocities.jp,2025-11-01,189-194-4330
Roman,Oels,roels55@photobucket.com,2025-04-09,222-197-9108
Bryan,Whieldon,bwhieldon56@epa.gov,2026-01-22,257-395-1266
Nancey,Brach,nbrach57@example.com,2025-05-07,987-370-1505
Tamar,Bointon,tbointon58@diigo.com,2026-01-08,726-567-0238
Daffie,Kerridge,dkerridge59@trellian.com,2025-11-19,161-369-8409
Feodor,Pedrocchi,fpedrocchi5a@nih.gov,2025-10-10,189-968-1279
Casey,Kettle,ckettle5b@jugem.jp,2026-02-23,419-638-6444
Chastity,Arrow,carrow5c@purevolume.com,2025-11-17,837-272-5122
Roz,Udden,rudden5d@vkontakte.ru,2026-03-06,567-944-0734
Chico,Coveny,ccoveny5e@pen.io,2026-03-12,652-635-7612
Eddie,Boobyer,eboobyer5f@oracle.com,2025-05-15,812-136-0649
Chrotoem,Osanne,cosanne5g@gov.uk,2025-08-04,110-672-7424
Charmaine,Ahrendsen,cahrendsen5h@about.me,2026-03-17,431-121-1964
Inge,Klimochkin,iklimochkin5i@cbc.ca,2026-03-30,413-130-8416
Hill,Verillo,hverillo5j@nsw.gov.au,2025-09-18,232-232-2959
Crysta,Osichev,cosichev5k@istockphoto.com,2026-02-26,887-489-8896
Rhianon,Exley,rexley5l@miibeian.gov.cn,2025-06-06,386-421-5929
Derwin,Brittoner,dbrittoner5m@1und1.de,2025-06-01,882-613-5014
Shandie,Stampe,sstampe5n@51.la,2025-05-12,675-374-5638
Junia,Robilliard,jrobilliard5o@nytimes.com,2026-03-14,349-323-2031
Carole,DelaField,cdelafield5p@globo.com,2025-10-25,186-863-7943
Erin,Tackes,etackes5q@discovery.com,2026-01-27,855-981-5110
Daryl,Spitaro,dspitaro5r@indiatimes.com,2025-05-26,607-186-8090
Shandy,Mumberson,smumberson5s@constantcontact.com,2026-02-23,721-889-9049
Becka,Sussems,bsussems5t@yellowpages.com,2025-09-08,286-461-0670
Debora,Colecrough,dcolecrough5u@yellowbook.com,2025-09-26,826-187-7018
Sella,Huntley,shuntley5v@imageshack.us,2025-06-08,716-247-2620
Albina,Dabes,adabes5w@harvard.edu,2025-06-08,769-232-0973
Rhona,Carik,rcarik5x@cnet.com,2025-07-15,490-181-6342
Penny,Bromehead,pbromehead5y@desdev.cn,2025-04-27,512-514-5383
Cecil,Gregoratti,cgregoratti5z@ft.com,2025-04-07,625-342-3638
Deerdre,Brastead,dbrastead60@typepad.com,2025-09-11,426-672-1754
Dan,Metzel,dmetzel61@intel.com,2025-10-27,872-467-3595
Patin,Lett,plett62@naver.com,2025-07-29,877-133-9755
Hillier,Layus,hlayus63@fda.gov,2025-10-14,603-181-8709
Taffy,Newdick,tnewdick64@woothemes.com,2025-06-25,199-526-6241
Gordie,Gidney,ggidney65@china.com.cn,2025-09-19,769-125-9293
Belle,Elam,belam66@ed.gov,2026-02-12,971-873-4499
Jocelyn,McElane,jmcelane67@fda.gov,2025-12-28,984-225-0724
Arlen,Iddy,aiddy68@lulu.com,2026-03-14,154-289-7913
Vittoria,Nice,vnice69@smugmug.com,2025-10-17,781-609-4044
Malory,Giovanazzi,mgiovanazzi6a@foxnews.com,2026-03-05,202-570-8019
Minnnie,Heinl,mheinl6b@ca.gov,2025-08-12,353-463-4041
Ezequiel,Mathivon,emathivon6c@flavors.me,2025-08-31,864-522-7950
Opalina,Van Ross,ovanross6d@bloomberg.com,2025-04-26,682-859-9856
Trix,Rotge,trotge6e@omniture.com,2025-11-02,600-428-7069
Marline,Cumming,mcumming6f@linkedin.com,2025-07-07,237-701-6351
Hana,Theodoris,htheodoris6g@ifeng.com,2025-10-15,882-573-3351
Randene,Lembke,rlembke6h@miitbeian.gov.cn,2025-07-14,133-218-9221
Jarid,Dowding,jdowding6i@geocities.jp,2025-09-18,580-512-1330
Seamus,Gasnoll,sgasnoll6j@seattletimes.com,2025-07-27,414-320-4908
Crysta,Le Strange,clestrange6k@cargocollective.com,2026-02-24,201-349-3516
Isabelle,Scocroft,iscocroft6l@irs.gov,2026-01-10,125-877-4438
Corbett,Salan,csalan6m@ox.ac.uk,2025-08-26,863-240-6403
Robbin,Brane,rbrane6n@baidu.com,2026-02-21,816-415-8121
Lita,Storry,lstorry6o@archive.org,2025-12-26,784-550-0480
Ingrim,Udale,iudale6p@fema.gov,2025-08-12,857-840-1695
Field,Sharple,fsharple6q@odnoklassniki.ru,2026-01-21,269-488-5254
Tracee,Lewzey,tlewzey6r@kickstarter.com,2026-01-08,233-528-9527
Brit,Glasscoe,bglasscoe6s@slideshare.net,2025-10-16,858-246-1061
Vlad,Ahmad,vahmad6t@opensource.org,2026-01-01,930-946-7176
Caralie,Moan,cmoan6u@ow.ly,2025-05-18,981-602-6038
Allin,Kupis,akupis6v@studiopress.com,2025-04-05,943-743-8329
Ronica,Bartholomieu,rbartholomieu6w@theglobeandmail.com,2025-11-23,590-411-1032
Sharleen,Leibold,sleibold6x@baidu.com,2025-09-02,471-544-6300
Jamey,Stollsteimer,jstollsteimer6y@aboutads.info,2025-08-10,281-794-6392
Phillida,Hughesdon,phughesdon6z@ed.gov,2025-09-01,585-329-2940
Saundra,Tenwick,stenwick70@mapy.cz,2026-02-17,911-765-6466
Fredericka,Bunclark,fbunclark71@pcworld.com,2025-11-10,791-589-6832
Sarina,Wildor,swildor72@guardian.co.uk,2025-10-26,458-294-0129
Davie,Maleck,dmaleck73@jigsy.com,2025-08-09,788-862-2285
Adelbert,Daft,adaft74@washingtonpost.com,2025-06-29,647-726-0171
Lusa,McRorie,lmcrorie75@unicef.org,2025-11-19,471-399-7546
Gardy,Karpov,gkarpov76@a8.net,2025-04-15,313-687-0599
Glynis,Corps,gcorps77@jiathis.com,2025-07-07,419-702-6803
Carlynn,Pickston,cpickston78@ibm.com,2025-07-05,446-714-0146
Caressa,Maudlen,cmaudlen79@mtv.com,2026-01-26,236-358-4581
Alvera,O'Noulane,aonoulane7a@tmall.com,2025-11-29,452-706-9075
Nikola,Arnell,narnell7b@seesaa.net,2025-07-31,341-603-1353
Judy,McCotter,jmccotter7c@usgs.gov,2026-03-06,664-849-9149
Salim,Samuel,ssamuel7d@bloglovin.com,2026-01-09,719-162-6326
Jessalyn,Gyngyll,jgyngyll7e@goo.ne.jp,2026-01-29,155-330-7594
Caitrin,Duxbarry,cduxbarry7f@reddit.com,2025-11-10,596-214-3405
Shanie,Ritchman,sritchman7g@trellian.com,2025-12-29,452-639-3576
Fidela,Barlee,fbarlee7h@cargocollective.com,2025-11-28,417-368-2500
Brittne,Filmer,bfilmer7i@ox.ac.uk,2025-06-17,955-673-9057
Catha,Howsley,chowsley7j@amazon.co.jp,2025-08-17,306-723-2779
Carroll,Blint,cblint7k@yale.edu,2025-12-04,953-613-7585
Patsy,Toffanelli,ptoffanelli7l@seesaa.net,2025-11-05,523-508-3782
Jessi,Cancellieri,jcancellieri7m@mediafire.com,2025-09-15,905-565-3811
Doralin,Crumb,dcrumb7n@biblegateway.com,2025-10-03,829-538-0491
Kayle,Jachimiak,kjachimiak7o@prweb.com,2025-10-18,524-875-6186
Trey,Danzig,tdanzig7p@ameblo.jp,2026-03-10,673-484-9714
Athena,Gahan,agahan7q@hexun.com,2026-02-18,202-636-1832
Lorne,Lemmen,llemmen7r@vistaprint.com,2025-04-19,360-138-7382
Erasmus,Vowels,evowels7s@redcross.org,2025-05-12,534-268-1475
Killy,Ing,king7t@google.es,2025-04-12,855-457-9732
Dimitry,Joseff,djoseff7u@sohu.com,2026-02-21,524-130-1986
Gunner,Tall,gtall7v@dedecms.com,2026-03-06,608-907-0697
Opalina,Mawson,omawson7w@arstechnica.com,2025-04-04,457-690-0425
Sollie,Olyff,solyff7x@about.com,2026-03-27,252-803-0195
Francyne,Olland,folland7y@psu.edu,2025-06-22,845-917-8558
Bailie,Hammon,bhammon7z@1688.com,2026-03-03,569-276-0198
Kaleena,Merriment,kmerriment80@prnewswire.com,2026-03-26,870-766-0356
Zia,Kirsz,zkirsz81@constantcontact.com,2025-10-11,322-983-9176
Niels,Eakley,neakley82@virginia.edu,2025-12-17,271-119-4654
Faydra,Dible,fdible83@amazon.de,2025-08-01,675-618-5268
Celle,Perocci,cperocci84@ocn.ne.jp,2025-06-06,380-345-9173
Bendix,Stanhope,bstanhope85@mail.ru,2025-10-25,267-665-4923
Godwin,Fettis,gfettis86@squidoo.com,2025-07-26,101-196-5362
Cale,Brereton,cbrereton87@zdnet.com,2026-01-05,171-125-9479
Fields,Elwyn,felwyn88@fastcompany.com,2025-09-17,216-741-8301
Pen,Lashmore,plashmore89@umn.edu,2025-04-29,277-152-8600
Sadie,Brosetti,sbrosetti8a@archive.org,2025-05-25,407-417-6878
Sharyl,Hoggan,shoggan8b@canalblog.com,2025-06-22,771-181-8384
Bryn,McKeney,bmckeney8c@slashdot.org,2026-02-18,979-837-8278
Mario,Babon,mbabon8d@ebay.com,2025-08-07,237-765-3851
Payton,Carswell,pcarswell8e@berkeley.edu,2025-04-05,642-378-2953
Ban,Reidshaw,breidshaw8f@themeforest.net,2025-09-22,226-110-1140
Alanna,Mangeney,amangeney8g@google.co.uk,2026-01-21,509-189-1028
Eddie,Raeside,eraeside8h@youku.com,2025-10-15,120-403-6357
Doug,Ambroix,dambroix8i@g.co,2025-05-03,104-936-3014
Jean,Izatson,jizatson8j@ezinearticles.com,2025-07-05,307-323-1033
Dorita,Kunzel,dkunzel8k@whitehouse.gov,2025-10-07,599-347-7100
Fletcher,Chidlow,fchidlow8l@freewebs.com,2026-02-23,438-178-3016
Orazio,Dimic,odimic8m@merriam-webster.com,2026-02-13,253-339-0493
Malva,Singleton,msingleton8n@dot.gov,2025-05-28,540-160-2505
Rasla,Reston,rreston8o@123-reg.co.uk,2025-04-25,596-133-4943
Lorrin,Madle,lmadle8p@usa.gov,2026-01-10,794-485-5957
Giavani,McCaughey,gmccaughey8q@google.com.hk,2025-05-12,761-568-9972
Martha,Drayn,mdrayn8r@home.pl,2026-02-11,394-957-6144
Wenda,Champley,wchampley8s@washingtonpost.com,2025-05-30,348-604-3646
Moises,Stonhewer,mstonhewer8t@canalblog.com,2026-02-18,904-658-4248
Olenka,Nanelli,onanelli8u@delicious.com,2025-08-11,703-612-8372
Ignacius,Ovendon,iovendon8v@shareasale.com,2025-11-30,156-498-2318
Florentia,Cheshir,fcheshir8w@umn.edu,2025-11-06,384-718-6399
Tore,Cristofol,tcristofol8x@amazon.co.jp,2025-07-27,198-838-1069
Blithe,Farnham,bfarnham8y@berkeley.edu,2026-02-24,129-227-1444
Carmela,Haddon,chaddon8z@engadget.com,2025-09-07,183-731-1559
Sydel,Elijah,selijah90@forbes.com,2025-10-17,340-137-7930
Shoshanna,Hein,shein91@dagondesign.com,2025-06-01,464-475-7554
Tirrell,Beaudry,tbeaudry92@hhs.gov,2025-09-02,761-598-8824
Rossie,Stratiff,rstratiff93@163.com,2026-01-15,508-815-9308
Glynda,Sennett,gsennett94@woothemes.com,2025-10-16,135-246-6541
Ezmeralda,Lynagh,elynagh95@tmall.com,2026-02-13,111-752-6994
Misty,Rumke,mrumke96@mashable.com,2026-02-11,338-654-9743
Ahmad,Prevett,aprevett97@wiley.com,2025-07-06,138-549-9840
Brion,Saw,bsaw98@github.com,2025-09-29,212-265-5481
Fonz,Eadington,feadington99@uiuc.edu,2025-12-15,709-323-0705
Morse,Spurdens,mspurdens9a@ezinearticles.com,2026-03-21,475-534-9350
Audry,Townrow,atownrow9b@webmd.com,2026-01-20,669-582-9477
Melvin,Hartly,mhartly9c@examiner.com,2026-03-06,157-731-4006
Odella,Janusz,ojanusz9d@upenn.edu,2025-11-12,720-255-4811
Joshua,Blachford,jblachford9e@house.gov,2025-12-21,500-975-6522
Willy,Geffe,wgeffe9f@earthlink.net,2025-05-17,832-431-2464
Jsandye,Sibun,jsibun9g@dropbox.com,2026-02-26,414-690-7982
Caddric,Purry,cpurry9h@blogspot.com,2025-05-07,114-818-1746
Renard,Whinney,rwhinney9i@weebly.com,2025-04-17,305-327-1638
Alie,Tesdale,atesdale9j@xinhuanet.com,2025-09-29,837-575-0183
Consalve,Roycroft,croycroft9k@360.cn,2026-03-03,211-118-7816
Dayle,Kilminster,dkilminster9l@stanford.edu,2025-09-05,124-375-6792
Linn,Fearby,lfearby9m@skyrock.com,2025-10-06,861-511-2339
Revkah,Spong,rspong9n@yelp.com,2026-02-13,816-605-1876
Othelia,Ferrie,oferrie9o@npr.org,2025-05-06,572-320-7118
Sanders,Skerritt,sskerritt9p@imdb.com,2025-08-04,312-843-3153
Iorgo,Gowler,igowler9q@zdnet.com,2025-07-16,259-565-1185
Gilbertina,Geraudel,ggeraudel9r@answers.com,2025-11-24,398-578-7386
Justinn,Baxstar,jbaxstar9s@amazonaws.com,2026-04-01,750-668-1169
Broderick,Bleue,bbleue9t@hp.com,2025-12-01,435-624-8613
Prescott,Mumbray,pmumbray9u@nasa.gov,2026-01-05,423-795-5762
Dreddy,Mallebone,dmallebone9v@ucoz.com,2025-12-30,813-932-8562
Gerianne,Eakly,geakly9w@theatlantic.com,2025-07-31,667-900-0613
Glory,Roby,groby9x@storify.com,2025-10-18,247-211-9604
Jobyna,Kaysor,jkaysor9y@issuu.com,2025-08-22,599-270-7347
Brandais,Inglefield,binglefield9z@cdc.gov,2025-08-17,447-311-0393
Christel,Rannald,crannalda0@cpanel.net,2025-12-17,719-918-0398
Cassie,Affuso,caffusoa1@gov.uk,2025-11-09,352-620-8541
Hernando,Guys,hguysa2@wikispaces.com,2026-03-28,284-422-4628
Gloriane,Yashnov,gyashnova3@nsw.gov.au,2025-07-03,251-449-2570
Janos,O'Grady,jogradya4@printfriendly.com,2026-02-17,496-960-5256
Falito,Guerrier,fguerriera5@china.com.cn,2025-10-21,601-994-0200
Ermin,Jodlkowski,ejodlkowskia6@nbcnews.com,2025-05-17,291-674-3115
Ad,Yosifov,ayosifova7@nydailynews.com,2025-06-07,278-154-5603
Tobe,Gave,tgavea8@yandex.ru,2025-06-22,921-270-9701
Boot,Toulson,btoulsona9@tripadvisor.com,2025-04-18,966-167-7710
Shaylynn,Corkell,scorkellaa@soup.io,2025-07-03,388-666-9158
Roslyn,Earley,rearleyab@alibaba.com,2025-11-14,613-935-5849
Ryann,Bonevant,rbonevantac@slate.com,2025-09-05,680-419-3489
Matelda,Quin,mquinad@blinklist.com,2025-09-12,189-435-3347
Kariotta,Slocum,kslocumae@bravesites.com,2025-07-13,811-357-5752
Adolphe,Dufaire,adufaireaf@unesco.org,2025-11-30,109-861-8243
Iolande,Jeffs,ijeffsag@who.int,2025-05-31,455-994-8650
Paten,Robinson,probinsonah@mozilla.com,2025-12-13,965-225-6157
Clarissa,Rapsey,crapseyai@studiopress.com,2026-03-02,380-224-0136
Arlyne,Desaur,adesauraj@berkeley.edu,2025-09-03,329-341-1959
Packston,Kiddye,pkiddyeak@army.mil,2025-11-03,421-676-9401
Eydie,Philipart,ephilipartal@slate.com,2025-04-12,763-167-8702
Quentin,Dils,qdilsam@hud.gov,2025-08-04,486-438-1993
Morlee,Denisot,mdenisotan@intel.com,2026-02-11,312-490-0005
Willi,Brien,wbrienao@springer.com,2025-12-25,949-440-9056
Marie,Smiz,msmizap@yellowpages.com,2025-04-22,639-850-0776
Dot,Print,dprintaq@cnet.com,2025-07-09,572-494-3769
Myranda,Courtonne,mcourtonnear@devhub.com,2025-12-31,843-722-2113
Annelise,Paynton,apayntonas@imageshack.us,2025-05-15,382-241-6380
Lu,Shipsey,lshipseyat@gov.uk,2026-01-19,381-716-0783
Dierdre,Filyukov,dfilyukovau@smh.com.au,2026-02-16,282-636-3176
Albina,Steel,asteelav@un.org,2025-08-19,269-934-1962
Meredith,Jeanin,mjeaninaw@jiathis.com,2025-09-30,201-404-5154
Hunfredo,Coggill,hcoggillax@census.gov,2025-06-26,546-477-8371
Isak,Reader,ireaderay@g.co,2025-04-24,609-255-9317
Melesa,Corneliussen,mcorneliussenaz@myspace.com,2025-12-24,744-223-6538
Gypsy,Jiggins,gjigginsb0@java.com,2025-12-26,487-868-6569
Melita,Burstowe,mburstoweb1@weebly.com,2025-11-25,704-184-8538
Tressa,Elliss,tellissb2@latimes.com,2025-05-10,791-393-1984
Clarie,Rodear,crodearb3@dropbox.com,2025-12-18,739-943-8411
Duky,McGrirl,dmcgrirlb4@networkadvertising.org,2025-04-21,253-166-9523
Leslie,Jochanany,ljochananyb5@fastcompany.com,2025-12-19,407-197-3793
Rawley,Shwenn,rshwennb6@canalblog.com,2025-09-25,124-191-5234
Allissa,Cuncliffe,acuncliffeb7@elegantthemes.com,2025-06-04,732-314-9501
Mauricio,Childe,mchildeb8@sakura.ne.jp,2025-09-04,377-951-6272
Margit,Craske,mcraskeb9@godaddy.com,2025-06-25,976-128-8839
Stefanie,Frigot,sfrigotba@facebook.com,2025-04-20,972-682-6201
Jesus,Longden,jlongdenbb@google.pl,2025-05-13,222-492-4676
Sol,D'Alwis,sdalwisbc@constantcontact.com,2025-11-01,813-633-1010
Fred,Storer,fstorerbd@census.gov,2026-03-01,443-691-9031
Barbara-anne,Dowber,bdowberbe@amazon.de,2025-04-12,338-477-9957
Waylon,Swyn,wswynbf@kickstarter.com,2026-01-16,630-446-8018
Oralle,Guerra,oguerrabg@booking.com,2025-09-27,991-714-6278
Markus,Kersting,mkerstingbh@baidu.com,2025-06-02,887-871-5903
Twyla,Breazeall,tbreazeallbi@pagesperso-orange.fr,2025-04-19,654-257-7024
Shep,Flello,sflellobj@sphinn.com,2025-05-16,957-599-6020
Rodge,Jessen,rjessenbk@prlog.org,2025-04-25,661-210-2537
Hyacintha,Pittem,hpittembl@storify.com,2025-04-26,169-141-1135
Fritz,Postill,fpostillbm@stanford.edu,2026-03-26,436-483-5750
Christiane,Monson,cmonsonbn@mapquest.com,2025-09-05,766-416-3941
Faun,Snoden,fsnodenbo@1688.com,2025-05-14,145-202-5843
Theo,Cupitt,tcupittbp@theatlantic.com,2025-07-03,769-611-3007
Lira,Pidgen,lpidgenbq@toplist.cz,2025-08-01,620-453-6158
Byrom,McJerrow,bmcjerrowbr@jugem.jp,2025-09-28,947-760-0255
Marion,Metzel,mmetzelbs@yelp.com,2025-05-13,913-346-4245
Crista,Luetchford,cluetchfordbt@ted.com,2026-01-28,788-869-8458
Iver,Hudel,ihudelbu@theatlantic.com,2025-06-25,239-194-2573
Donalt,Foreman,dforemanbv@lulu.com,2025-08-26,529-448-4030
Esme,Lunny,elunnybw@wordpress.com,2025-12-20,489-765-8326
Violante,Statefield,vstatefieldbx@whitehouse.gov,2026-01-21,511-996-0539
Sunny,Moreland,smorelandby@i2i.jp,2025-04-14,389-168-6460
Reed,Putnam,rputnambz@usatoday.com,2025-12-11,697-313-9188
Trula,Crowcum,tcrowcumc0@nsw.gov.au,2025-09-25,646-823-2617
Katusha,Dressel,kdresselc1@nih.gov,2025-09-16,768-910-1185
Vinni,Lingley,vlingleyc2@weibo.com,2025-07-16,179-586-4081
Madelina,Grigaut,mgrigautc3@senate.gov,2025-09-27,708-561-9790
Harriet,Loisi,hloisic4@odnoklassniki.ru,2026-03-05,474-210-1860
Moshe,Sibborn,msibbornc5@qq.com,2025-04-25,558-687-7976
Rodolph,Loody,rloodyc6@mashable.com,2025-10-30,508-661-6013
Cathe,Snook,csnookc7@lulu.com,2026-02-02,335-496-9958
Noelle,Dargue,ndarguec8@t-online.de,2025-10-06,933-263-2704
Benedikt,Peart,bpeartc9@wunderground.com,2025-10-31,584-309-1429
Garold,Mussen,gmussenca@princeton.edu,2025-05-22,868-393-3145
Netti,Vennings,nvenningscb@edublogs.org,2026-03-04,992-504-0925
Margy,Hammell,mhammellcc@go.com,2025-08-19,276-449-2856
Ewen,Sandbrook,esandbrookcd@cafepress.com,2025-05-07,184-788-7084
Clio,Dzenisenka,cdzenisenkace@shutterfly.com,2026-03-04,332-539-5823
Zebedee,Maylam,zmaylamcf@1688.com,2025-09-26,472-911-5103
Arvie,McMurthy,amcmurthycg@odnoklassniki.ru,2025-09-30,814-178-3381
Viva,Gillions,vgillionsch@topsy.com,2025-09-15,249-428-7151
Romonda,Mayger,rmaygerci@shinystat.com,2025-12-12,899-344-1564
Susette,Minchin,sminchincj@quantcast.com,2025-04-23,573-292-8391
Izaak,Blazic,iblazicck@usa.gov,2025-08-09,928-453-6244
Goran,Aylward,gaylwardcl@ebay.com,2025-12-06,556-479-8679
Joelle,Fricke,jfrickecm@hhs.gov,2025-12-27,832-678-9218
Patin,Schaffler,pschafflercn@altervista.org,2025-06-27,106-703-7312
Daffy,Ubanks,dubanksco@va.gov,2025-12-06,318-627-8420
Em,Branthwaite,ebranthwaitecp@google.it,2025-12-09,280-302-8388
Loy,Pryell,lpryellcq@hibu.com,2025-08-19,901-172-8778
Jasmina,Valett,jvalettcr@booking.com,2026-01-18,210-710-4183
Teddie,Tibols,ttibolscs@hexun.com,2026-02-25,463-945-6484
Sylvan,MacAdam,smacadamct@xinhuanet.com,2025-05-02,562-727-4176
Lyndsey,Dowey,ldoweycu@goodreads.com,2025-08-23,432-836-2480
Mirabelle,Castelluzzi,mcastelluzzicv@prweb.com,2025-05-18,722-588-0075
Kalinda,Brixey,kbrixeycw@com.com,2025-05-30,952-365-5292
Kippy,Gillhespy,kgillhespycx@vinaora.com,2025-08-14,246-772-4955
Teador,Sherrocks,tsherrockscy@yolasite.com,2026-02-07,142-658-0938
Joyan,Crowd,jcrowdcz@hc360.com,2026-01-19,800-745-8683
Giffard,Liverock,gliverockd0@mediafire.com,2026-01-05,263-862-3491
Kristopher,Brafield,kbrafieldd1@guardian.co.uk,2025-12-20,518-965-0763
Pierce,Rouby,proubyd2@tripadvisor.com,2025-08-20,757-679-5710
Tania,Wiggans,twiggansd3@state.tx.us,2025-08-09,822-656-1106
Keven,Cessford,kcessfordd4@house.gov,2025-04-18,579-521-3171
Monte,Bowld,mbowldd5@indiatimes.com,2026-03-01,444-334-8993
Bryan,Lindgren,blindgrend6@aboutads.info,2026-01-05,256-454-5950
Drake,Costan,dcostand7@mozilla.org,2025-05-23,130-515-8201
Andras,McEttigen,amcettigend8@skype.com,2026-02-12,496-221-8575
Natala,Blanden,nblandend9@is.gd,2025-10-03,938-507-7240
Chen,Dominicacci,cdominicaccida@kickstarter.com,2025-07-02,390-668-8360
Malcolm,Krishtopaittis,mkrishtopaittisdb@unicef.org,2025-06-26,923-853-8882
Shelli,Raund,sraunddc@arizona.edu,2025-07-25,447-467-5193
Ainslie,Overel,aovereldd@mlb.com,2025-04-23,506-171-3262
Lars,Mushrow,lmushrowde@netvibes.com,2025-04-17,453-584-2599
Vladimir,Pick,vpickdf@digg.com,2025-08-15,771-593-0827
Dorotea,Botten,dbottendg@technorati.com,2025-09-28,236-680-6875
Dixie,Bernon,dbernondh@infoseek.co.jp,2026-02-22,475-680-1924
Sean,Knoton,sknotondi@amazonaws.com,2026-02-25,337-207-3210
Haydon,Beric,hbericdj@wisc.edu,2025-04-04,806-970-9343
Nadeen,Pimerick,npimerickdk@dion.ne.jp,2025-09-12,598-839-8084
Hershel,Dumingos,hdumingosdl@army.mil,2025-09-30,194-734-3117
Vivianna,Dewdney,vdewdneydm@fc2.com,2025-12-25,852-902-7273
Bernard,Petcher,bpetcherdn@tinyurl.com,2026-03-02,433-539-5901
Had,Base,hbasedo@alibaba.com,2025-12-17,567-383-0463
Keefer,Knowles,kknowlesdp@discovery.com,2025-05-13,334-322-6184
Bobbye,Luxton,bluxtondq@godaddy.com,2025-09-22,452-178-0413
Stace,Rennix,srennixdr@guardian.co.uk,2026-03-03,268-114-2131
Nicky,Gouldstraw,ngouldstrawds@ed.gov,2025-11-26,987-706-1170
Temp,Leeson,tleesondt@businessinsider.com,2026-03-04,895-629-0985
Sallyanne,Winham,swinhamdu@msn.com,2026-01-30,628-303-0394
Cecelia,MacKeever,cmackeeverdv@reverbnation.com,2025-07-23,904-311-4553
